CRP,Lat,Lon,Other_Crop,RSP,class,id,otherc
,10.43621,7.63151,,,0,0,Maize
,11.03065,7.71497,,,0,0,Maize
,11.00669,7.67951,,,0,0,Maize
,11.09091,7.70309,,,0,0,Maize
,12.07749,8.46144,,,0,0,Maize
,10.77561,8.18322,,,0,0,Maize
,10.99924,7.6588,,,0,0,Maize
,11.70058,7.66392,,,0,0,Maize
,10.75809,8.18753,,,0,0,Maize
,12.07867,8.46685,,,0,0,Maize
,11.01843,7.72571,,,0,0,Maize
,10.945,7.63718,,,0,0,Maize
,11.68909,8.55142,,,0,0,Maize
,11.72849,7.62534,,,0,0,Maize
,11.51287,7.31932,,,0,0,Maize
,11.00766,7.67911,,,0,0,Maize
,11.18647,7.54259,,,0,0,Maize
,11.93323,7.93217,,,0,0,Maize
,11.50643,7.32351,,,0,0,Maize
,10.74521,8.20266,,,0,0,Maize
,10.30136,7.42963,,,0,0,Maize
,10.7569,8.1867,,,0,0,Maize
,10.4513,7.60905,,,0,0,Maize
,11.5616,7.27509,,,0,0,Maize
,10.98709,7.77798,,,0,0,Maize
,10.99153,7.6804,,,0,0,Maize
,11.02943,7.7155,,,0,0,Maize
,10.72726,8.74493,,,0,0,Maize
,10.77676,8.18539,,,0,0,Maize
,11.56358,7.20121,,,0,0,Maize
,10.99967,8.4097,,,0,0,Maize
,10.74654,8.73912,,,0,0,Maize
,10.90481,7.65065,,,0,0,Maize
,11.75482,7.58387,,,0,0,Maize
,10.86437,7.59969,,,0,0,Maize
,10.67195,7.40901,,,0,0,Maize
,10.56769,7.5347,,,0,0,Maize
,10.42391,7.45121,,,0,0,Maize
,10.55017,8.15861,,,0,0,Maize
,10.56146,8.18752,,,0,0,Maize
,10.52792,7.48805,,,0,0,Maize
,10.47221,7.58897,,,0,0,Maize
,11.21813,7.57717,,,0,0,Maize
,10.73761,8.74509,,,0,0,Maize
,10.74237,8.66315,,,0,0,Maize
,10.46377,7.36496,,,0,0,Maize
,10.9523,7.64391,,,0,0,Maize
,10.49378,7.50673,,,0,0,Maize
,10.48857,7.4715,,,0,0,Maize
,10.94247,7.64312,,,0,0,Maize
,10.41385,7.78398,,,0,0,Maize
,10.48665,7.49334,,,0,0,Maize
,10.44831,7.61069,,,0,0,Maize
,10.44789,7.61078,,,0,0,Maize
,11.76449,7.60976,,,0,0,Maize
,10.46947,7.46553,,,0,0,Maize
,10.74899,8.20189,,,0,0,Maize
,10.76291,8.20897,,,0,0,Maize
,10.63724,7.35041,,,0,0,Maize
,10.57852,8.16887,,,0,0,Maize
,10.55275,8.09566,,,0,0,Maize
,11.03492,7.91057,,,0,0,Maize
,11.59521,7.12141,,,0,0,Maize
,10.73561,8.16836,,,0,0,Maize
,10.87023,8.30022,,,0,0,Maize
,10.86728,8.30598,,,0,0,Maize
,10.86799,8.3027,,,0,0,Maize
,10.78098,7.47009,,,0,0,Maize
,10.67958,8.08865,,,0,0,Maize
,11.76258,7.5893,,,0,0,Maize
,10.86345,7.58114,,,0,0,Maize
,10.29751,7.40489,,,0,0,Maize
,10.44932,7.61333,,,0,0,Maize
,10.49653,7.47072,,,0,0,Maize
,11.50115,7.32694,,,0,0,Maize
,10.56246,8.13837,,,0,0,Maize
,10.48861,7.47197,,,0,0,Maize
,11.53842,7.35524,,,0,0,Maize
,10.61722,8.07446,,,0,0,Maize
,12.07826,8.46371,,,0,0,Maize
,11.47868,7.32014,,,0,0,Maize
,11.53554,7.36882,,,0,0,Maize
,10.99824,7.66258,,,0,0,Maize
,11.56296,7.20212,,,0,0,Maize
,11.07866,7.67073,,,0,0,Maize
,10.48856,7.47157,,,0,0,Maize
,10.47042,7.4649,,,0,0,Maize
,9.62644,8.41603,,,0,0,Maize
,11.92724,7.96389,,,0,0,Maize
,10.41405,7.78099,,,0,0,Maize
,10.94516,7.6407,,,0,0,Maize
,11.78512,7.61431,,,0,0,Maize
,10.75433,8.22294,,,0,0,Maize
,10.35179,7.41197,,,0,0,Maize
,11.06542,7.7557,,,0,0,Maize
,11.76866,7.61658,,,0,0,Maize
,10.96689,7.77282,,,0,0,Maize
,11.67876,8.52313,,,0,0,Maize
,11.76216,7.55596,,,0,0,Maize
,10.75433,8.22293,,,0,0,Maize
,11.05209,7.72735,,,0,0,Maize
,11.03491,7.91068,,,0,0,Maize
,10.59699,8.16924,,,0,0,Maize
,11.53283,7.35724,,,0,0,Maize
,10.41204,7.66763,,,0,0,Maize
,11.76449,7.60973,,,0,0,Maize
,11.03497,7.91097,,,0,0,Maize
,11.03496,7.91098,,,0,0,Maize
,10.96596,7.77316,,,0,0,Maize
,11.91804,7.98065,,,0,0,Maize
,11.26012,7.46211,,,0,0,Maize
,10.75448,8.2214,,,0,0,Maize
,10.55275,7.53837,,,0,0,Maize
,11.18759,7.57509,,,0,0,Maize
,10.87617,7.6166,,,0,0,Maize
,10.89183,7.44271,,,0,0,Maize
,10.8939,7.44157,,,0,0,Maize
,10.75326,8.22265,,,0,0,Maize
,11.74636,7.59515,,,0,0,Maize
,11.74066,7.60587,,,0,0,Maize
,10.57922,8.17154,,,0,0,Maize
,10.59006,8.16285,,,0,0,Maize
,10.94513,7.63656,,,0,0,Maize
,10.49966,8.45034,,,0,0,Maize
,11.03167,7.71306,,,0,0,Maize
,10.59676,8.1655,,,0,0,Maize
,10.85471,7.59426,,,0,0,Maize
,10.85472,7.59792,,,0,0,Maize
,10.42591,7.44921,,,0,0,Maize
,10.31779,7.36763,,,0,0,Maize
,10.74902,8.67279,,,0,0,Maize
,11.03509,7.91288,,,0,0,Maize
,10.41438,7.78256,,,0,0,Maize
,10.49607,7.47074,,,0,0,Maize
,10.40496,7.5659,,,0,0,Maize
,10.45076,7.6014,,,0,0,Maize
,10.75394,8.22196,,,0,0,Maize
,10.97472,7.87667,,,0,0,Maize
,11.1365,7.69397,,,0,0,Maize
,10.59628,8.16947,,,0,0,Maize
,10.58471,8.13702,,,0,0,Maize
,10.32018,7.4006,,,0,0,Maize
,10.31966,7.40698,,,0,0,Maize
,10.58542,8.13678,,,0,0,Maize
,10.68117,7.41063,,,0,0,Maize
,11.01716,7.88087,,,0,0,Maize
,11.47932,7.31975,,,0,0,Maize
,10.47004,7.46592,,,0,0,Maize
,10.54906,8.15683,,,0,0,Maize
,10.89971,8.31851,,,0,0,Maize
,10.67375,8.01108,,,0,0,Maize
,10.59729,8.17137,,,0,0,Maize
,10.59738,8.17066,,,0,0,Maize
,10.75532,8.23237,,,0,0,Maize
,10.75552,8.23228,,,0,0,Maize
,11.14296,7.6781,,,0,0,Maize
,11.57366,7.38896,,,0,0,Maize
,11.56228,7.20138,,,0,0,Maize
,11.50482,7.32018,,,0,0,Maize
,11.50481,7.32019,,,0,0,Maize
,11.16081,7.56535,,,0,0,Maize
,11.03475,7.90892,,,0,0,Maize
,10.38907,7.48351,,,0,0,Maize
,10.49181,7.4859,,,0,0,Maize
,10.52639,8.51017,,,0,0,Maize
,10.34814,7.4275,,,0,0,Maize
,10.69401,8.07532,,,0,0,Maize
,10.74264,8.17396,,,0,0,Maize
,10.99964,7.66204,,,0,0,Maize
,11.03289,7.71462,,,0,0,Maize
,11.03465,7.72096,,,0,0,Maize
,11.12914,7.66456,,,0,0,Maize
,10.56292,8.13911,,,0,0,Maize
,11.69716,7.66437,,,0,0,Maize
,10.57166,8.17611,,,0,0,Maize
,11.03491,7.90876,,,0,0,Maize
,10.4478,7.61009,,,0,0,Maize
,10.5228,8.46785,,,0,0,Maize
,10.75932,8.19992,,,0,0,Maize
,10.76524,8.2014,,,0,0,Maize
,10.49642,7.4712,,,0,0,Maize
,10.74509,8.73484,,,0,0,Maize
,10.45515,7.36712,,,0,0,Maize
,11.92658,7.96397,,,0,0,Maize
,10.75247,8.22225,,,0,0,Maize
,10.75395,8.22194,,,0,0,Maize
,10.48648,7.49278,,,0,0,Maize
,10.52319,8.6743,,,0,0,Maize
,10.52622,8.67722,,,0,0,Maize
,10.90057,8.31885,,,0,0,Maize
,10.47088,7.55092,,,0,0,Maize
,11.03148,7.71442,,,0,0,Maize
,10.46939,7.46517,,,0,0,Maize
,10.49951,8.50119,,,0,0,Maize
,10.46231,7.36407,,,0,0,Maize
,11.03581,7.72201,,,0,0,Maize
,11.93264,7.93325,,,0,0,Maize
,11.01728,7.72451,,,0,0,Maize
,10.75482,8.23185,,,0,0,Maize
,10.56424,7.53654,,,0,0,Maize
,11.19416,7.54075,,,0,0,Maize
,10.7286,8.61975,,,0,0,Maize
,10.73734,8.73452,,,0,0,Maize
,10.75703,8.18735,,,0,0,Maize
,11.05814,8.43687,,,0,0,Maize
,10.73052,8.64225,,,0,0,Maize
,11.29911,7.40612,,,0,0,Maize
,11.57657,7.38849,,,0,0,Maize
,10.48804,7.49252,,,0,0,Maize
,10.37376,8.57865,,,0,0,Maize
,11.14085,7.36437,,,0,0,Maize
,10.95228,7.64391,,,0,0,Maize
,10.94153,7.64296,,,0,0,Maize
,11.03475,7.90904,,,0,0,Maize
,10.30621,7.40642,,,0,0,Maize
,11.00715,7.73735,,,0,0,Maize
,10.89901,8.31882,,,0,0,Maize
,10.73757,8.74566,,,0,0,Maize
,11.76034,7.60884,,,0,0,Maize
,11.01686,7.88209,,,0,0,Maize
,11.93131,7.9336,,,0,0,Maize
,10.97504,7.87718,,,0,0,Maize
,11.93176,7.93326,,,0,0,Maize
,10.54371,8.4491,,,0,0,Maize
,9.96191,8.56751,,,0,0,Maize
,11.73569667,8.53792,,,0,0,Maize
,11.736045,8.53857,,,0,0,Maize
,11.73707167,8.53785,,,0,0,Maize
,11.73872,8.542525,,,0,0,Maize
,11.735635,8.53969,,,0,0,Maize
,11.73512,8.541106667,,,0,0,Maize
,11.73552667,8.53704,,,0,0,Maize
,11.73801167,8.538813333,,,0,0,Maize
,11.73857833,8.538116667,,,0,0,Maize
,11.73997667,8.539936667,,,0,0,Maize
,10.77748627,8.602386617,,,0,0,Maize
,10.7745499,8.603778597,,,0,0,Maize
,10.78119136,8.601563678,,,0,0,Maize
,10.78067187,8.602026812,,,0,0,Maize
,10.77990305,8.602638152,,,0,0,Maize
,10.78122017,8.602353971,,,0,0,Maize
,10.77859954,8.603686036,,,0,0,Maize
,10.7782408,8.602009956,,,0,0,Maize
,10.77885569,8.606901872,,,0,0,Maize
,10.77858835,8.606583667,,,0,0,Maize
,10.77722925,8.606023665,,,0,0,Maize
,10.77952675,8.601329033,,,0,0,Maize
,10.78029627,8.601804806,,,0,0,Maize
,10.78115922,8.601136753,,,0,0,Maize
,10.77841054,8.602737706,,,0,0,Maize
,10.78210947,8.600939993,,,0,0,Maize
,10.77497788,8.603110559,,,0,0,Maize
,10.78110116,8.602085834,,,0,0,Maize
,10.77813268,8.601693474,,,0,0,Maize
,10.77801991,8.603507796,,,0,0,Maize
,10.77887728,8.602805513,,,0,0,Maize
,10.7777743,8.603056073,,,0,0,Maize
,10.77726239,8.603981438,,,0,0,Maize
,10.77706897,8.603704487,,,0,0,Maize
,10.77799341,8.603197518,,,0,0,Maize
,10.77508201,8.604571895,,,0,0,Maize
,10.77520408,8.605086662,,,0,0,Maize
,10.77466517,8.604652522,,,0,0,Maize
,11.47309167,7.313495,,,0,0,Maize
,11.47258833,7.314661667,,,0,0,Maize
,11.47296667,7.315215,,,0,0,Maize
,11.47305833,7.311231667,,,0,0,Maize
,11.47411167,7.311363333,,,0,0,Maize
,11.47125833,7.31809,,,0,0,Maize
,11.471455,7.312655,,,0,0,Maize
,11.47279,7.312573333,,,0,0,Maize
,11.12295447,8.234349399,,,0,0,Maize
,11.14172801,8.236214781,,,0,0,Maize
,11.1413462,8.235177173,,,0,0,Maize
,11.12656333,8.236871667,,,0,0,Maize
,11.12542,8.236861667,,,0,0,Maize
,11.12522,8.236776667,,,0,0,Maize
,11.12501667,8.236461667,,,0,0,Maize
,11.12138927,8.234528865,,,0,0,Maize
,11.14051695,8.233488293,,,0,0,Maize
,11.126225,8.24149,,,0,0,Maize
,11.12627,8.23687,,,0,0,Maize
,11.12351849,8.234472164,,,0,0,Maize
,11.14170814,8.234054596,,,0,0,Maize
,11.14221283,8.234720827,,,0,0,Maize
,11.13837,8.236125,,,0,0,Maize
,11.14066294,8.233817247,,,0,0,Maize
,11.14028333,8.234575,,,0,0,Maize
,11.14035333,8.234433333,,,0,0,Maize
,11.13893,8.235326667,,,0,0,Maize
,11.12403631,8.238501391,,,0,0,Maize
,11.12649667,8.236335,,,0,0,Maize
,11.1409597,8.234202457,,,0,0,Maize
,11.14097378,8.234686234,,,0,0,Maize
,11.14124609,8.234469355,,,0,0,Maize
,11.140573,8.231916,,,0,0,Maize
,11.14053009,8.235320592,,,0,0,Maize
,11.1231871,8.239136828,,,0,0,Maize
,11.13931,8.234538333,,,0,0,Maize
,11.12365268,8.240043771,,,0,0,Maize
,11.12307904,8.240197913,,,0,0,Maize
,11.12411,8.23521,,,0,0,Maize
,11.1402804,8.235442834,,,0,0,Maize
,11.12242348,8.239765462,,,0,0,Maize
,11.1399001,8.234918377,,,0,0,Maize
,11.12138718,8.237216728,,,0,0,Maize
,11.12277805,8.235876631,,,0,0,Maize
,11.12422,8.23461,,,0,0,Maize
,11.12672,8.235733333,,,0,0,Maize
,11.12397,8.23491,,,0,0,Maize
,11.13997798,8.235319662,,,0,0,Maize
,11.12470133,8.234731933,,,0,0,Maize
,11.1241453,8.234140056,,,0,0,Maize
,11.14098667,8.233135,,,0,0,Maize
,11.13957167,8.234863333,,,0,0,Maize
,11.14169498,8.23501475,,,0,0,Maize
,11.14165793,8.234607853,,,0,0,Maize
,11.12479065,8.233432644,,,0,0,Maize
,11.021185,7.883615,,,0,0,Maize
,11.02151333,7.883605,,,0,0,Maize
,11.02088167,7.884298333,,,0,0,Maize
,11.021375,7.88182,,,0,0,Maize
,11.023265,7.882298333,,,0,0,Maize
,11.02499833,7.88056,,,0,0,Maize
,11.02312667,7.884435,,,0,0,Maize
,11.01600333,7.884298333,,,0,0,Maize
,11.013505,7.878251667,,,0,0,Maize
,11.01547833,7.88188,,,0,0,Maize
,11.01333167,7.88206,,,0,0,Maize
,11.01662167,7.884256667,,,0,0,Maize
,11.01867667,7.882208333,,,0,0,Maize
,11.018425,7.878016667,,,0,0,Maize
,11.01794833,8.067358333,,,0,0,Maize
,11.20136667,8.361456667,,,0,0,Maize
,11.78099833,7.339968333,,,0,0,Maize
,11.573945,7.465438333,,,0,0,Maize
,11.61341,7.48133,,,0,0,Maize
,10.18949,8.61756,,,0,0,Maize
,10.15935833,8.539583333,,,0,0,Maize
,10.39293,8.478995,,,0,0,Maize
,11.20414833,7.282791667,,,0,0,Maize
,11.305835,7.374925,,,0,0,Maize
,11.53749,7.188626667,,,0,0,Maize
,11.33167,8.042986667,,,0,0,Maize
,11.33118167,8.024865,,,0,0,Maize
,11.599945,7.44886,,,0,0,Maize
,10.79749333,8.602533333,,,0,0,Maize
,11.58587333,7.489756667,,,0,0,Maize
,11.693015,7.530923333,,,0,0,Maize
,11.02355,7.573285,,,0,0,Maize
,11.15759,7.314015,,,0,0,Maize
,11.189135,7.304503333,,,0,0,Maize
,11.61518,7.481156667,,,0,0,Maize
,11.18541833,7.301525,,,0,0,Maize
,11.28047167,7.373598333,,,0,0,Maize
,10.14748667,8.545335,,,0,0,Maize
,10.38450333,8.501578333,,,0,0,Maize
,11.09278333,7.919188333,,,0,0,Maize
,11.55658,7.700588333,,,0,0,Maize
,10.19269833,8.607703333,,,0,0,Maize
,11.60267833,7.446688333,,,0,0,Maize
,11.59367167,7.518483333,,,0,0,Maize
,10.365985,8.519031667,,,0,0,Maize
,11.02122333,7.57631,,,0,0,Maize
,11.58355,7.487711667,,,0,0,Maize
,11.18521167,8.333415,,,0,0,Maize
,11.179855,8.34814,,,0,0,Maize
,11.598375,7.11942,,,0,0,Maize
,11.58325333,7.270993333,,,0,0,Maize
,10.13459,8.369995,,,0,0,Maize
,11.65912167,7.379071667,,,0,0,Maize
,10.17712667,8.544038333,,,0,0,Maize
,10.34902,8.490411667,,,0,0,Maize
,10.187185,8.615911667,,,0,0,Maize
,11.58739833,7.486263333,,,0,0,Maize
,11.33026667,7.968845,,,0,0,Maize
,10.173725,8.54335,,,0,0,Maize
,11.57302167,7.521166667,,,0,0,Maize
,11.59661667,7.112453333,,,0,0,Maize
,11.09606167,7.880131667,,,0,0,Maize
,11.12256333,7.222465,,,0,0,Maize
,10.368695,8.515041667,,,0,0,Maize
,11.28765,8.05187,,,0,0,Maize
,11.34131667,7.975403333,,,0,0,Maize
,11.09709667,7.929435,,,0,0,Maize
,11.53690833,7.192118333,,,0,0,Maize
,10.38016,8.48,,,0,0,Maize
,11.56607833,7.192818333,,,0,0,Maize
,11.73582,7.536601667,,,0,0,Maize
,11.614635,7.485448333,,,0,0,Maize
,11.57344667,7.215135,,,0,0,Maize
,11.57721833,7.467681667,,,0,0,Maize
,10.14279667,8.379051667,,,0,0,Maize
,12.00294,8.337326667,,,0,0,Maize
,11.29888833,7.38493,,,0,0,Maize
,11.12103667,7.226438333,,,0,0,Maize
,10.35037167,8.68968,,,0,0,Maize
,11.59356333,7.525066667,,,0,0,Maize
,10.12003333,8.379266667,,,0,0,Maize
,10.0232,8.403738333,,,0,0,Maize
,11.09777,7.89082,,,0,0,Maize
,11.20607333,7.255855,,,0,0,Maize
,11.6607,7.384056667,,,0,0,Maize
,11.12865167,7.926761667,,,0,0,Maize
,11.20776833,7.287103333,,,0,0,Maize
,10.424125,8.7314,,,0,0,Maize
,11.55316167,7.699495,,,0,0,Maize
,11.69123333,7.534626667,,,0,0,Maize
,11.040225,7.603915,,,0,0,Maize
,11.55512333,7.46256,,,0,0,Maize
,11.58315,7.480176667,,,0,0,Maize
,11.55436833,7.709903333,,,0,0,Maize
,10.19684667,8.556785,,,0,0,Maize
,11.27495667,7.3906,,,0,0,Maize
,11.11632833,7.914561667,,,0,0,Maize
,11.76365167,7.590108333,,,0,0,Maize
,11.33445333,8.028356667,,,0,0,Maize
,11.333285,8.003593333,,,0,0,Maize
,11.51324,7.925168333,,,0,0,Maize
,11.35453833,8.028383333,,,0,0,Maize
,10.97883667,8.018315,,,0,0,Maize
,11.35772833,7.978526667,,,0,0,Maize
,11.57384167,7.513243333,,,0,0,Maize
,11.29800833,7.380293333,,,0,0,Maize
,11.56360667,7.204323333,,,0,0,Maize
,11.27616167,7.370953333,,,0,0,Maize
,11.11833333,7.924461667,,,0,0,Maize
,10.371465,8.506235,,,0,0,Maize
,11.35353,7.973178333,,,0,0,Maize
,11.30583,7.378088333,,,0,0,Maize
,11.60763167,7.497631667,,,0,0,Maize
,10.13134833,8.3689,,,0,0,Maize
,11.79230667,8.603426667,,,0,0,Maize
,11.02892667,7.577875,,,0,0,Maize
,11.84745667,7.268371667,,,0,0,Maize
,11.56824167,7.45308,,,0,0,Maize
,11.71848833,7.53326,,,0,0,Maize
,11.69304833,7.534563333,,,0,0,Maize
,11.18398333,8.336616667,,,0,0,Maize
,11.57886667,7.469831667,,,0,0,Maize
,11.70968833,7.529688333,,,0,0,Maize
,11.716415,7.34387,,,0,0,Maize
,10.422705,8.727155,,,0,0,Maize
,10.17542167,8.546118333,,,0,0,Maize
,11.596565,7.124225,,,0,0,Maize
,11.20606833,7.284251667,,,0,0,Maize
,10.379865,8.47571,,,0,0,Maize
,11.20784333,7.29237,,,0,0,Maize
,11.31390667,8.019533333,,,0,0,Maize
,11.333935,7.982298333,,,0,0,Maize
,11.303215,7.379986667,,,0,0,Maize
,11.5682,7.192915,,,0,0,Maize
,11.31683167,8.013235,,,0,0,Maize
,11.03527167,7.565761667,,,0,0,Maize
,10.393285,8.716718333,,,0,0,Maize
,11.56699167,7.453496667,,,0,0,Maize
,11.58553833,7.49099,,,0,0,Maize
,10.978785,8.01825,,,0,0,Maize
,10.18572833,8.614233333,,,0,0,Maize
,11.09979,7.930055,,,0,0,Maize
,11.10199,7.929865,,,0,0,Maize
,11.57808667,7.721423333,,,0,0,Maize
,11.10554833,7.930401667,,,0,0,Maize
,10.17498167,8.545661667,,,0,0,Maize
,11.012145,8.068055,,,0,0,Maize
,10.33477667,8.490215,,,0,0,Maize
,11.57643094,7.216004022,,,0,0,Maize
,11.71432333,7.347176667,,,0,0,Maize
,10.367265,8.51202,,,0,0,Maize
,10.98083167,8.017888333,,,0,0,Maize
,11.15027833,7.310681667,,,0,0,Maize
,11.31629167,8.011768333,,,0,0,Maize
,10.41250333,8.487138333,,,0,0,Maize
,11.70404333,7.51299,,,0,0,Maize
,11.30489667,7.38361,,,0,0,Maize
,11.66236,7.383176667,,,0,0,Maize
,10.15457167,8.539986667,,,0,0,Maize
,11.29098333,8.038908333,,,0,0,Maize
,11.70556167,7.509755,,,0,0,Maize
,11.21677167,8.375731667,,,0,0,Maize
,11.37664833,7.985305,,,0,0,Maize
,11.16262833,7.304396667,,,0,0,Maize
,11.036525,7.609193333,,,0,0,Maize
,11.212455,8.392486667,,,0,0,Maize
,10.36896,8.520228333,,,0,0,Maize
,11.28240333,8.00807,,,0,0,Maize
,11.57670667,7.514061667,,,0,0,Maize
,11.189645,7.29974,,,0,0,Maize
,11.02314,8.0775,,,0,0,Maize
,10.35062333,8.6874,,,0,0,Maize
,11.38562333,7.989456667,,,0,0,Maize
,10.97957667,8.019025,,,0,0,Maize
,11.52111167,7.926493333,,,0,0,Maize
,11.60051667,7.458161667,,,0,0,Maize
,11.60985,7.495678333,,,0,0,Maize
,11.73694833,7.341485,,,0,0,Maize
,11.33689667,7.988221667,,,0,0,Maize
,11.58847667,7.718505,,,0,0,Maize
,11.020055,7.575231667,,,0,0,Maize
,11.13593167,7.587343333,,,0,0,Maize
,11.69263,7.53532,,,0,0,Maize
,11.18952,7.302385,,,0,0,Maize
,10.32707333,8.723471667,,,0,0,Maize
,11.71548833,7.34304,,,0,0,Maize
,11.99213833,8.342851667,,,0,0,Maize
,11.13039167,7.921685,,,0,0,Maize
,11.57458833,7.466631667,,,0,0,Maize
,11.84012333,7.266075,,,0,0,Maize
,10.37963667,8.475693333,,,0,0,Maize
,11.28099167,8.007763333,,,0,0,Maize
,11.01807667,8.07872,,,0,0,Maize
,11.75438833,7.367488333,,,0,0,Maize
,11.58631833,7.494295,,,0,0,Maize
,11.18562333,7.311013333,,,0,0,Maize
,11.199355,7.253688333,,,0,0,Maize
,11.27343,7.398068333,,,0,0,Maize
,10.97955667,8.01902,,,0,0,Maize
,11.5643,7.904553333,,,0,0,Maize
,10.19719333,8.55571,,,0,0,Maize
,11.10220833,7.891236667,,,0,0,Maize
,11.30825333,7.381501667,,,0,0,Maize
,10.98108333,8.017595,,,0,0,Maize
,11.19133667,7.300285,,,0,0,Maize
,10.367135,8.511966667,,,0,0,Maize
,10.72553167,8.613518333,,,0,0,Maize
,11.55013333,7.469785,,,0,0,Maize
,11.34125167,7.988246667,,,0,0,Maize
,10.36252167,8.513205,,,0,0,Maize
,11.18388,8.344241667,,,0,0,Maize
,10.78312667,8.561613333,,,0,0,Maize
,11.09784333,7.892058333,,,0,0,Maize
,11.57519067,7.467412251,,,0,0,Maize
,10.39924167,8.708815,,,0,0,Maize
,11.78179,7.60159,,,0,0,Maize
,11.757125,7.379671667,,,0,0,Maize
,11.19049333,8.33258,,,0,0,Maize
,10.41962167,8.72845,,,0,0,Maize
,11.205495,7.292911667,,,0,0,Maize
,11.18285667,8.343331667,,,0,0,Maize
,10.38997833,8.706121667,,,0,0,Maize
,11.33732667,8.004816667,,,0,0,Maize
,11.28258333,7.386526667,,,0,0,Maize
,11.31639167,8.017503333,,,0,0,Maize
,11.58517167,7.49467,,,0,0,Maize
,10.97508167,8.014061667,,,0,0,Maize
,11.72742333,7.530286667,,,0,0,Maize
,11.13749667,7.58845,,,0,0,Maize
,11.58658167,7.490065,,,0,0,Maize
,11.11732667,7.22533,,,0,0,Maize
,11.20525167,7.253516667,,,0,0,Maize
,11.35814167,7.997763333,,,0,0,Maize
,11.12120833,7.224145,,,0,0,Maize
,10.35107333,8.691166667,,,0,0,Maize
,11.05097,7.580965,,,0,0,Maize
,11.79104,8.603648333,,,0,0,Maize
,11.20866333,7.291701667,,,0,0,Maize
,11.56832833,7.194311667,,,0,0,Maize
,11.52453423,7.875539541,,,0,0,Maize
,11.57979667,7.51607,,,0,0,Maize
,11.56827167,7.196476667,,,0,0,Maize
,11.55442833,7.461605,,,0,0,Maize
,12.04025667,8.353875,,,0,0,Maize
,10.16105333,8.557826667,,,0,0,Maize
,10.71402667,8.618283333,,,0,0,Maize
,11.19167833,7.302351667,,,0,0,Maize
,11.57434833,7.467536667,,,0,0,Maize
,11.20357667,7.252133333,,,0,0,Maize
,10.40693167,8.487281667,,,0,0,Maize
,10.19565833,8.565401667,,,0,0,Maize
,11.11346833,7.910196667,,,0,0,Maize
,11.20656833,7.260698333,,,0,0,Maize
,11.58755333,7.48976,,,0,0,Maize
,11.34427833,7.98311,,,0,0,Maize
,11.77124167,7.383746667,,,0,0,Maize
,11.209375,7.291246667,,,0,0,Maize
,11.58328167,7.483495,,,0,0,Maize
,10.67637934,10.4141723,,,0,0,Maize
,11.26600667,9.167213333,,,0,0,Maize
,10.67417869,10.4318682,,,0,0,Maize
,9.823592779,9.57060736,,,0,0,Maize
,11.24118001,9.158924299,,,0,0,Maize
,9.900308861,10.00014356,,,0,0,Maize
,10.24779564,9.256744005,,,0,0,Maize
,9.841151925,9.536194668,,,0,0,Maize
,10.26644089,9.257826872,,,0,0,Maize
,9.913473949,10.0086163,,,0,0,Maize
,9.952510445,9.9879041,,,0,0,Maize
,9.847002636,9.554198681,,,0,0,Maize
,10.28163167,9.289931897,,,0,0,Maize
,11.21539231,9.125335237,,,0,0,Maize
,10.16664674,9.707510345,,,0,0,Maize
,10.29321382,9.257295603,,,0,0,Maize
,10.63235935,10.4512939,,,0,0,Maize
,10.22871595,9.297129175,,,0,0,Maize
,10.69225265,10.42428144,,,0,0,Maize
,10.24691987,9.284849557,,,0,0,Maize
,11.21864002,9.126236357,,,0,0,Maize
,9.951817329,9.987626487,,,0,0,Maize
,11.2470757,9.1413696,,,0,0,Maize
,9.823330905,9.56831863,,,0,0,Maize
,9.962884842,10.0290401,,,0,0,Maize
,11.26416207,9.172901208,,,0,0,Maize
,10.6766639,10.41932824,,,0,0,Maize
,10.63076998,10.44999554,,,0,0,Maize
,10.28550913,9.293040614,,,0,0,Maize
,9.785713179,9.571532401,,,0,0,Maize
,10.26240955,9.258615624,,,0,0,Maize
,11.26427959,9.169692419,,,0,0,Maize
,10.17497922,9.703621885,,,0,0,Maize
,10.17470833,9.716704751,,,0,0,Maize
,9.842138975,9.539825473,,,0,0,Maize
,11.2368798,9.159827173,,,0,0,Maize
,10.18430872,9.743099674,,,0,0,Maize
,10.23077148,9.304832295,,,0,0,Maize
,11.26781575,9.167702121,,,0,0,Maize
,9.813712917,9.599382656,,,0,0,Maize
,11.26916692,9.189381853,,,0,0,Maize
,9.814280877,9.600622982,,,0,0,Maize
,11.24653625,9.173548197,,,0,0,Maize
,10.67282747,10.43277675,,,0,0,Maize
,10.24472862,9.250895413,,,0,0,Maize
,10.18704138,9.739807356,,,0,0,Maize
,10.18151594,9.693340571,,,0,0,Maize
,10.15410209,9.705864765,,,0,0,Maize
,11.26302245,9.183119022,,,0,0,Maize
,11.07057411,7.623640199,,,0,0,Maize
,11.15397006,8.314016467,,,0,0,Maize
,11.12525281,8.32089313,,,0,0,Maize
,11.03371546,7.605539393,,,0,0,Maize
,11.17004202,8.315418316,,,0,0,Maize
,11.03277404,7.566971124,,,0,0,Maize
,10.49337391,7.307414402,,,0,0,Maize
,11.14715202,8.310081389,,,0,0,Maize
,11.19132172,8.31706347,,,0,0,Maize
,11.15221964,8.311335066,,,0,0,Maize
,9.334765667,8.56810937,,,0,0,Maize
,9.557817707,7.703777098,,,0,0,Maize
,10.50953617,7.317229481,,,0,0,Maize
,11.03098998,7.604762006,,,0,0,Maize
,9.397017408,8.589245681,,,0,0,Maize
,11.18188422,8.276887044,,,0,0,Maize
,11.14659121,6.953620602,,,0,0,Maize
,10.49246413,7.309655807,,,0,0,Maize
,11.04250397,7.561739643,,,0,0,Maize
,11.0736608,8.242481334,,,0,0,Maize
,11.08583073,7.617998512,,,0,0,Maize
,11.08265575,7.608344896,,,0,0,Maize
,11.10307597,6.981286356,,,0,0,Maize
,10.49111759,7.324998043,,,0,0,Maize
,11.06413646,7.625288129,,,0,0,Maize
,11.07426131,7.578190803,,,0,0,Maize
,11.07417473,7.577321774,,,0,0,Maize
,11.06827153,7.625941216,,,0,0,Maize
,9.521775592,7.555774591,,,0,0,Maize
,9.528613061,7.572537447,,,0,0,Maize
,10.48594596,7.315360296,,,0,0,Maize
,11.02276252,7.568071052,,,0,0,Maize
,10.52615318,7.356439348,,,0,0,Maize
,11.13894996,8.301541874,,,0,0,Maize
,9.53634109,7.564710937,,,0,0,Maize
,10.50785194,7.307975899,,,0,0,Maize
,9.392948672,8.570492525,,,0,0,Maize
,9.329595411,8.527943348,,,0,0,Maize
,10.05418308,7.77691512,,,0,0,Maize
,9.375098555,8.561611542,,,0,0,Maize
,9.332211018,8.536771332,,,0,0,Maize
,11.13686376,8.298863707,,,0,0,Maize
,10.50666561,7.30647187,,,0,0,Maize
,11.03380442,8.250893991,,,0,0,Maize
,11.18318022,8.300713454,,,0,0,Maize
,9.395551282,8.590558275,,,0,0,Maize
,11.03098998,7.604762006,,,0,0,Maize
,10.51503972,7.314229019,,,0,0,Maize
,10.50996875,7.302252267,,,0,0,Maize
,10.15795178,8.592220483,,,0,0,Maize
,11.09714556,8.245082208,,,0,0,Maize
,9.524223947,7.547441478,,,0,0,Maize
,11.07528849,7.620845533,,,0,0,Maize
,11.13486712,8.302981776,,,0,0,Maize
,11.11741916,8.316880648,,,0,0,Maize
,11.0277358,8.249510542,,,0,0,Maize
,11.16286087,8.317926926,,,0,0,Maize
,11.1079859,6.981663697,,,0,0,Maize
,9.329805355,8.580212318,,,0,0,Maize
,10.18813253,8.602045944,,,0,0,Maize
,11.14962252,6.967559117,,,0,0,Maize
,10.01267344,7.80654506,,,0,0,Maize
,9.328110761,8.577159473,,,0,0,Maize
,10.18760926,8.613236272,,,0,0,Maize
,11.11922587,8.32054841,,,0,0,Maize
,10.19729978,8.638904999,,,0,0,Maize
,10.03282707,7.815479051,,,0,0,Maize
,9.501326274,7.630126628,,,0,0,Maize
,9.555901932,7.702012613,,,0,0,Maize
,10.18898104,8.583071022,,,0,0,Maize
,10.20099236,8.642008382,,,0,0,Maize
,9.55397429,7.705465359,,,0,0,Maize
,11.09954573,6.946794667,,,0,0,Maize
,11.14764733,8.307453621,,,0,0,Maize
,10.15201437,8.613504077,,,0,0,Maize
,10.19052594,8.618784076,,,0,0,Maize
,10.484994,7.314340186,,,0,0,Maize
,9.555393896,7.698203427,,,0,0,Maize
,9.37409069,8.567030001,,,0,0,Maize
,9.525409752,7.543636465,,,0,0,Maize
,9.333733266,8.538536128,,,0,0,Maize
,9.393598531,8.54444746,,,0,0,Maize
,9.331937186,8.531216282,,,0,0,Maize
,10.47869687,7.307335931,,,0,0,Maize
,11.1389406,8.319230729,,,0,0,Maize
,10.09484654,7.838318004,,,0,0,Maize
,9.506843604,7.630069302,,,0,0,Maize
,11.03909641,7.563460652,,,0,0,Maize
,9.393017773,8.568616695,,,0,0,Maize
,10.18843679,8.594290577,,,0,0,Maize
,11.13308796,6.977466637,,,0,0,Maize
,11.53216355,7.970737709,,,0,0,Maize
,10.77942129,8.590406896,,,0,0,Maize
,10.7877269,8.608764254,,,0,0,Maize
,10.78501677,8.608895247,,,0,0,Maize
,11.46207945,7.942179298,,,0,0,Maize
,10.80952216,8.61973807,,,0,0,Maize
,11.46714004,7.941889249,,,0,0,Maize
,10.81208298,8.624629317,,,0,0,Maize
,11.49573909,7.967690737,,,0,0,Maize
,11.51414079,7.97089185,,,0,0,Maize
,11.51679933,7.975104267,,,0,0,Maize
,11.53101045,7.911742095,,,0,0,Maize
,11.49668592,7.921302101,,,0,0,Maize
,10.77959752,8.609148839,,,0,0,Maize
,11.52133071,7.975396177,,,0,0,Maize
,11.5002855,7.968180119,,,0,0,Maize
,11.47632358,7.982037944,,,0,0,Maize
,11.51860474,7.974575176,,,0,0,Maize
,10.7816592,8.604736665,,,0,0,Maize
,11.49885587,7.970826796,,,0,0,Maize
,11.49899697,7.963215678,,,0,0,Maize
,11.53377058,7.084216462,,,0,0,Maize
,11.54456307,7.671460719,,,0,0,Maize
,11.60996358,7.090914787,,,0,0,Maize
,11.60283963,7.629149385,,,0,0,Maize
,11.55273997,7.674623346,,,0,0,Maize
,11.58494521,7.633492855,,,0,0,Maize
,11.57844966,7.641171997,,,0,0,Maize
,11.61609346,7.096472898,,,0,0,Maize
,11.5872734,7.641211004,,,0,0,Maize
,11.59954219,7.680336323,,,0,0,Maize
,11.59633229,7.656041822,,,0,0,Maize
,11.6159585,7.083844971,,,0,0,Maize
,11.58819043,7.674033216,,,0,0,Maize
,11.61491146,7.111771075,,,0,0,Maize
,11.61534257,7.120891071,,,0,0,Maize
,11.59932271,7.635169799,,,0,0,Maize
,11.61537373,7.0825191,,,0,0,Maize
,11.58865055,7.655181159,,,0,0,Maize
,11.5893167,7.090605826,,,0,0,Maize
,11.60335315,7.103674234,,,0,0,Maize
,11.58285389,7.091135677,,,0,0,Maize
,11.5290132,7.090519209,,,0,0,Maize
,11.57758293,7.64204157,,,0,0,Maize
,11.55692525,7.676225892,,,0,0,Maize
,11.61448322,7.089291423,,,0,0,Maize
,11.58253213,7.086384074,,,0,0,Maize
,8.75948117,7.624190669,,,0,0,Maize
,8.464547111,8.512109011,,,0,0,Maize
,8.822136631,7.625123503,,,0,0,Maize
,8.402691447,8.714131634,,,0,0,Maize
,8.360198983,8.7114539,,,0,0,Maize
,8.759991004,7.621616233,,,0,0,Maize
,8.811273668,7.666741885,,,0,0,Maize
,8.374682465,8.701346243,,,0,0,Maize
,8.793424059,7.66976532,,,0,0,Maize
,8.35678408,8.702963381,,,0,0,Maize
,8.461187922,8.51228933,,,0,0,Maize
,8.362910165,8.717217146,,,0,0,Maize
,9.019978909,8.35914731,,,0,0,Maize
,8.836778109,7.669869076,,,0,0,Maize
,8.467352751,8.512527315,,,0,0,Maize
,8.430663123,8.526524104,,,0,0,Maize
,8.786800779,7.666321112,,,0,0,Maize
,8.794146739,7.640310391,,,0,0,Maize
,9.000378049,8.371864548,,,0,0,Maize
,8.989424628,8.367933408,,,0,0,Maize
,10.0311383,6.09458,,,0,0,Maize
,10.65888454,5.360157034,,,0,0,Maize
,10.66017463,5.353683257,,,0,0,Maize
,10.0516933,6.08197,,,0,0,Maize
,10.63940822,5.3969853,,,0,0,Maize
,10.6655356,5.416679045,,,0,0,Maize
,10.66768309,5.41730029,,,0,0,Maize
,10.6636487,5.413350558,,,0,0,Maize
,8.528139567,6.510626982,,,0,0,Maize
,10.017965,6.07052,,,0,0,Maize
,9.116299031,6.201057223,,,0,0,Maize
,10.0429033,6.1088633,,,0,0,Maize
,10.6501031,5.411649542,,,0,0,Maize
,10.0181667,6.0763033,,,0,0,Maize
,10.0374283,6.075185,,,0,0,Maize
,9.091946149,6.160621113,,,0,0,Maize
,10.6249817,5.427109121,,,0,0,Maize
,10.62571653,5.352139502,,,0,0,Maize
,10.65018035,5.410534982,,,0,0,Maize
,10.64799352,5.363227593,,,0,0,Maize
,8.577942953,9.963192208,,,0,0,Maize
,8.584243491,9.953755615,,,0,0,Maize
,9.647572308,9.03117145,,,0,0,Maize
,8.547422144,9.074374051,,,0,0,Maize
,8.517870852,9.065464818,,,0,0,Maize
,9.570425626,9.213679102,,,0,0,Maize
,8.550485118,9.077101099,,,0,0,Maize
,9.367237288,10.05246005,,,0,0,Maize
,8.597004228,9.908200843,,,0,0,Maize
,8.585845829,9.074278079,,,0,0,Maize
,8.573926002,9.953110867,,,0,0,Maize
,9.387953861,10.04568548,,,0,0,Maize
,8.582443155,9.073421683,,,0,0,Maize
,8.551796437,9.069990978,,,0,0,Maize
,8.977596261,9.876926182,,,0,0,Maize
,8.545488497,9.036841764,,,0,0,Maize
,8.535935214,9.082578174,,,0,0,Maize
,9.376775759,9.98418909,,,0,0,Maize
,8.576740341,9.957481877,,,0,0,Maize
,9.548181147,9.193640308,,,0,0,Maize
,9.364452738,10.01949526,,,0,0,Maize
,9.604473614,8.983269505,,,0,0,Maize
,8.537799705,9.956078559,,,0,0,Maize
,8.548152163,9.072176824,,,0,0,Maize
,8.532017623,9.952054954,,,0,0,Maize
,9.650883386,9.034110465,,,0,0,Maize
,8.592474057,9.086702494,,,0,0,Maize
,8.549039792,9.960954665,,,0,0,Maize
,8.536640898,9.958856432,,,0,0,Maize
,8.924990694,9.378482319,,,0,0,Maize
,9.34144251,10.04687102,,,0,0,Maize
,8.927564559,9.3827566,,,0,0,Maize
,9.64594025,9.042571214,,,0,0,Maize
,9.34316001,10.04936875,,,0,0,Maize
,8.590686807,9.07780737,,,0,0,Maize
,8.888618465,9.384416565,,,0,0,Maize
,9.37859701,10.0427224,,,0,0,Maize
,8.951156922,9.409332026,,,0,0,Maize
,9.551329335,9.190189625,,,0,0,Maize
,8.573138681,9.953715425,,,0,0,Maize
,8.922473752,9.399794625,,,0,0,Maize
,8.920093738,11.03226245,,,0,0,Maize
,8.907120155,11.06949104,,,0,0,Maize
,8.916982531,11.05795841,,,0,0,Maize
,8.948666068,11.05556474,,,0,0,Maize
,9.026952889,11.66323213,,,0,0,Maize
,8.908363562,11.06891777,,,0,0,Maize
,9.091958237,11.71465854,,,0,0,Maize
,8.976059721,11.01669724,,,0,0,Maize
,9.023191403,11.6504548,,,0,0,Maize
,9.382296001,11.52196172,,,0,0,Maize
,10.17366901,9.720114234,,,0,0,Maize
,9.014138953,11.62774949,,,0,0,Maize
,8.904863355,11.02506646,,,0,0,Maize
,9.026368566,11.6529599,,,0,0,Maize
,8.912804842,10.99690506,,,0,0,Maize
,9.029520997,11.650254,,,0,0,Maize
,9.811096685,9.600072416,,,0,0,Maize
,9.419661101,11.47945045,,,0,0,Maize
,9.378916833,11.51657877,,,0,0,Maize
,8.905048246,11.07257728,,,0,0,Maize
,8.981018221,11.02450363,,,0,0,Maize
,9.077809416,11.69824318,,,0,0,Maize
,8.92103285,11.02404567,,,0,0,Maize
,9.094405286,11.38523589,,,0,0,Maize
,10.5279,7.48804,,,0,0,Maize
,10.74772,8.73652,,,0,0,Maize
,11.03464,7.72095,,,0,0,Maize
,11.59341,7.35657,,,0,0,Maize
,10.52025,8.09464,,,0,0,Maize
,11.54063,7.32375,,,0,0,Maize
,11.56184,7.27449,,,0,0,Maize
,10.4148,7.78073,,,0,0,Maize
,11.09008,7.70264,,,0,0,Maize
,11.56224,7.20154,,,0,0,Maize
,10.47073,7.46583,,,0,0,Maize
,10.54337,8.44794,,,0,0,Maize
,11.5255,7.3099,,,0,0,Maize
,11.01772,7.8817,,,0,0,Maize
,10.73987,8.74451,,,0,0,Maize
,10.49015,7.43006,,,0,0,Maize
,10.67255,8.01136,,,0,0,Maize
,10.94127,7.63809,,,0,0,Maize
,11.51339,7.31749,,,0,0,Maize
,11.92858,7.96374,,,0,0,Maize
,11.29924,7.40632,,,0,0,Maize
,11.03476,7.90911,,,0,0,Maize
,9.64355,8.42137,,,0,0,Maize
,11.16839,7.56399,,,0,0,Maize
,10.33588,8.72553,,,0,0,Maize
,9.50313,7.40631,,,0,0,Maize
,10.41447,8.62442,,,0,0,Maize
,10.46898,7.4646,,,0,0,Maize
,10.39267,7.46236,,,0,0,Maize
,10.73511,8.74789,,,0,0,Maize
,10.4881,7.47151,,,0,0,Maize
,10.48514,8.56415,,,0,0,Maize
,10.84771,7.63273,,,0,0,Maize
,10.52755,8.50839,,,0,0,Maize
,10.323,7.52197,,,0,0,Maize
,10.32392,7.51939,,,0,0,Maize
,10.33236,7.52544,,,0,0,Maize
,11.09541,7.77024,,,0,0,Maize
,11.09417,7.7678,,,0,0,Maize
,10.3156,7.393,,,0,0,Maize
,11.56192,7.27467,,,0,0,Maize
,10.45322,7.65198,,,0,0,Maize
,10.6754,7.47342,,,0,0,Maize
,10.51477,8.51606,,,0,0,Maize
,10.51947,8.49934,,,0,0,Maize
,10.52003,8.49912,,,0,0,Maize
,10.51565,8.49785,,,0,0,Maize
,10.74285,8.17157,,,0,0,Maize
,10.94153,7.64298,,,0,0,Maize
,10.87445,7.58065,,,0,0,Maize
,10.65399,7.31861,,,0,0,Maize
,10.65703,7.31941,,,0,0,Maize
,11.77738,8.42557,,,0,0,Maize
,10.86239,7.57968,,,0,0,Maize
,10.99853,7.6637,,,0,0,Maize
,10.35996,7.40675,,,0,0,Maize
,11.20335,7.58716,,,0,0,Maize
,10.59629,8.17007,,,0,0,Maize
,10.46995,7.46535,,,0,0,Maize
,10.94157,7.64208,,,0,0,Maize
,10.81068,7.56997,,,0,0,Maize
,11.03459,7.90994,,,0,0,Maize
,10.77095,8.18228,,,0,0,Maize
,11.50234,7.32639,,,0,0,Maize
,10.45703,8.65095,,,0,0,Maize
,11.0904,7.70205,,,0,0,Maize
,10.48796,7.49349,,,0,0,Maize
,10.96691,7.77282,,,0,0,Maize
,10.86212,7.5812,,,0,0,Maize
,10.94361,7.64467,,,0,0,Maize
,10.97712,8.393,,,0,0,Maize
N,9.384013,8.568257,Y,N,1,1,Cocoyam
N,8.362298,8.682022,Y,N,1,1,Ee
N,9.522595,7.730366,Y,N,1,1,Ginger
N,9.971735,7.659982,Y,N,1,1,Ginger
N,10.022422,7.831831,Y,N,1,1,Ginger
N,10.052642,7.801458,Y,N,1,1,Ginger
N,9.172675,4.846326,Y,N,1,1,Millet
N,9.924785,7.676876,Y,N,1,1,"Okro Ginger,"
N,9.919008,8.978255,Y,N,1,1,Pepper
N,8.041632,8.129752,Y,N,1,1,Saseme
N,8.080144,8.162559,Y,N,1,1,Saseme
N,8.08108,8.12932,Y,N,1,1,Saseme
N,8.769771,7.653195,Y,N,1,1,Saseme melon
N,10.225585,5.030398,Y,N,1,1,Sugarcane
N,9.97917,9.048585,Y,N,1,1,Tomatoes and vegetable
N,8.044844,8.12801,Y,N,1,1,Yam
N,8.977067,8.419702,Y,N,1,1,Yam
N,9.984475,8.310064,Y,N,1,1,Yam
N,8.517855,9.065612,Y,N,1,1,Yam
N,10.095927,7.781848,Y,N,1,1,"Yam, ginger"
N,10.101688,7.78448,Y,N,1,1,"Yam,ginger"
N,9.558627,9.184339,Y,Y,1,1,Vegetables
N,8.822348,7.61891,Y,Y,1,1,Yam melon
U,8.038915,8.128903,Y,N,1,1,Saseme
U,8.047712,8.14936,Y,N,1,1,Saseme
U,8.114819,8.14518,Y,N,1,1,Saseme
U,8.119806,8.146424,Y,N,1,1,Saseme
U,9.392855,8.546844,Y,N,1,1,Yam
U,11.287541,9.139701,Y,U,1,1,Sesame
Y,9.323268,8.581654,Y,N,1,1,"Vegetables, pepper, cocoyam and Banana"
Y,9.624354,8.655084,Y,N,1,1,Acha
Y,9.631042,8.647014,Y,N,1,1,Acha
Y,9.635038,8.649147,Y,N,1,1,Acha
Y,9.648709,8.63877,Y,N,1,1,Acha
Y,9.650735,8.635264,Y,N,1,1,Acha
Y,9.651676,8.640395,Y,N,1,1,Acha
Y,9.267056,8.872216,Y,N,1,1,Acha
Y,9.569299,9.224612,Y,N,1,1,Acha
Y,9.594319,8.668501,Y,N,1,1,Acha
Y,9.599608,8.6686,Y,N,1,1,Acha
Y,9.604783,8.983124,Y,N,1,1,Acha
Y,9.608694,9.03074,Y,N,1,1,Acha
Y,9.612068,8.638096,Y,N,1,1,Acha
Y,9.600025,8.659345,Y,N,1,1,"Acha, Banana, yam, vegetables, sugar cane"
Y,9.635025,8.651178,Y,N,1,1,"Acha, yam, finger millet"
Y,9.012052,9.851615,Y,N,1,1,Banana
Y,10.235374,5.039995,Y,N,1,1,Banana
Y,10.287857,5.028655,Y,N,1,1,Banbaranut
Y,9.419483,11.480057,Y,N,1,1,Beniseed
Y,8.519042,9.078617,Y,N,1,1,Benniseed
Y,8.520989,9.07737,Y,N,1,1,Benniseed
Y,11.60934,7.115749,Y,N,1,1,Capsicum anum  (Pepper )
Y,10.143998,8.639966,Y,N,1,1,"Cassava, garden egg"
Y,9.642723,8.621051,Y,N,1,1,Cocoyam
Y,9.396788,8.544173,Y,N,1,1,Cocoyam
Y,9.600551,9.038797,Y,N,1,1,Cocoyam
Y,9.383114,8.57456,Y,N,1,1,Cocoyam and palmtree
Y,9.860691,9.003861,Y,N,1,1,Cucumber and tomato
Y,11.030395,7.600519,Y,N,1,1,"Cucumber, garden eggs and okra"
Y,9.899186,9.010533,Y,N,1,1,"Cucumber, pepper and garden egg"
Y,8.368626,8.646779,Y,N,1,1,Ee
Y,8.370957,8.645228,Y,N,1,1,Ee
Y,8.428541,8.524944,Y,N,1,1,Ee
Y,8.779357,7.690816,Y,N,1,1,Ee
Y,9.665848,8.642039,Y,N,1,1,"Finger  millet, acha"
Y,10.152299,8.619549,Y,N,1,1,Finger millet
Y,10.153311,8.60258,Y,N,1,1,Finger millet
Y,10.153485,8.60489,Y,N,1,1,Finger millet
Y,10.178444,8.604201,Y,N,1,1,Finger millet
Y,10.18796,8.588014,Y,N,1,1,Finger millet
Y,9.608593,8.633657,Y,N,1,1,Finger millet
Y,9.597044,8.668886,Y,N,1,1,"Finger millet, acha"
Y,9.502939,7.767199,Y,N,1,1,Ginger
Y,10.089321,7.841211,Y,N,1,1,Ginger
Y,9.51045,7.734844,Y,N,1,1,Ginger
Y,9.506506,7.711684,Y,N,1,1,"Ginger, yam"
Y,10.050411,7.81423,Y,N,1,1,"Ginger, yam"
Y,10.286721,5.019947,Y,N,1,1,Groudnut
Y,10.195565,8.641907,Y,N,1,1,Guinea corn
Y,11.59685,7.633955,Y,N,1,1,Habiscus esculentus  (OKRA)
Y,9.512846,7.73842,Y,N,1,1,IGW
Y,9.866418,9.048798,Y,N,1,1,Mango
Y,8.767032,7.651972,Y,N,1,1,Melon
Y,8.771613,7.653443,Y,N,1,1,Melon
Y,8.771838,7.633856,Y,N,1,1,Melon
Y,8.787759,7.634322,Y,N,1,1,Melon
Y,8.790688,7.63582,Y,N,1,1,Melon
Y,8.792559,7.635141,Y,N,1,1,Melon
Y,8.805,7.69494,Y,N,1,1,Melon
Y,8.810581,7.6927,Y,N,1,1,Melon
Y,8.811212,7.666997,Y,N,1,1,Melon
Y,8.831902,7.673519,Y,N,1,1,Melon
Y,9.079432,6.202365,Y,N,1,1,Melon  ( egusi )
Y,9.371944,6.545926,Y,N,1,1,Melon ( egusi )
Y,8.521419,6.500502,Y,N,1,1,Melon ( egusi )
Y,8.523682,6.516088,Y,N,1,1,Melon ( egusi )
Y,8.833111,7.667668,Y,N,1,1,Melon saseme
Y,8.786975,7.666424,Y,N,1,1,Melon yam
Y,8.78791,7.669376,Y,N,1,1,Melon yam
Y,8.79303,7.670074,Y,N,1,1,Melon yam
Y,9.025032,9.858175,Y,N,1,1,Millet
Y,9.039853,9.843904,Y,N,1,1,Millet
Y,8.904889,11.025019,Y,N,1,1,Moringa
Y,11.077199,8.240215,Y,N,1,1,Okra
Y,11.183264,8.276969,Y,N,1,1,Okra
Y,10.784872,8.608861,Y,N,1,1,Okra
Y,8.526926,9.950386,Y,N,1,1,Okro
Y,9.427654,10.057453,Y,N,1,1,Okro
Y,10.187434,8.617872,Y,N,1,1,Okro
Y,10.200052,8.644143,Y,N,1,1,Okro
Y,8.535008,9.02773,Y,N,1,1,Okro
Y,9.365994,9.980687,Y,N,1,1,Okro
Y,9.893421,9.00307,Y,N,1,1,"Okro, cucumber, tomatoes and garden egg"
Y,10.158201,8.591523,Y,N,1,1,"Okro, palm tree"
Y,9.395206,8.591058,Y,N,1,1,"Okro, sugar cane and Banana"
Y,9.691712,6.040312,Y,N,1,1,"Okro, tomatoes and  paper"
Y,9.473689,7.751035,Y,N,1,1,"Okro,sugar cane"
Y,11.590052,7.680752,Y,N,1,1,Onion
Y,11.556711,7.681035,Y,N,1,1,Onion
Y,11.459712,7.940863,Y,N,1,1,Onions
Y,11.146911,8.310044,Y,N,1,1,Onions
Y,11.155586,8.303823,Y,N,1,1,"Onions,Tomatoes"
Y,9.515738,6.086668,Y,N,1,1,Paper
Y,10.496158,7.302191,Y,N,1,1,Pepper
Y,10.650288,5.361386,Y,N,1,1,Pepper
Y,10.651543,5.355113,Y,N,1,1,Pepper
Y,10.66813,5.426996,Y,N,1,1,Pepper
Y,11.474196,7.980087,Y,N,1,1,Pepper
Y,11.494539,7.918482,Y,N,1,1,Pepper
Y,11.496947,7.931844,Y,N,1,1,Pepper
Y,11.614707,7.112071,Y,N,1,1,Pepper
Y,9.343685,10.050211,Y,N,1,1,Pepper
Y,9.34642,10.046003,Y,N,1,1,Pepper
Y,9.863817,9.047233,Y,N,1,1,Pepper
Y,10.242957,5.081557,Y,N,1,1,Pepper
Y,11.02165,7.568016,Y,N,1,1,Pepper
Y,11.021796,7.573846,Y,N,1,1,Pepper
Y,11.022821,7.56449,Y,N,1,1,Pepper
Y,11.024237,8.250718,Y,N,1,1,Pepper
Y,11.035295,8.24068,Y,N,1,1,Pepper
Y,11.035934,8.236542,Y,N,1,1,Pepper
Y,11.037472,8.243229,Y,N,1,1,Pepper
Y,11.038045,8.236094,Y,N,1,1,Pepper
Y,11.072261,7.578316,Y,N,1,1,Pepper
Y,11.073129,7.564822,Y,N,1,1,Pepper
Y,11.074603,7.567601,Y,N,1,1,Pepper
Y,11.091948,6.95486,Y,N,1,1,Pepper
Y,11.116038,6.944785,Y,N,1,1,Pepper
Y,11.120345,6.967158,Y,N,1,1,Pepper
Y,11.133319,8.284605,Y,N,1,1,Pepper
Y,11.137569,8.298459,Y,N,1,1,Pepper
Y,11.138305,8.313834,Y,N,1,1,Pepper
Y,11.144201,8.308872,Y,N,1,1,Pepper
Y,11.18067,8.278292,Y,N,1,1,Pepper
Y,11.553059,7.674929,Y,N,1,1,Pepper
Y,11.145632,8.3056,Y,N,1,1,Pepper Onions
Y,11.030117,7.547455,Y,N,1,1,"Pepper, garden eggs"
Y,9.251657,8.79553,Y,N,1,1,Pumpkin
Y,8.944249,9.419848,Y,N,1,1,Rice
Y,9.054897,9.862032,Y,N,1,1,Rice
Y,8.574361,9.962373,Y,N,1,1,Rice
Y,8.115514,8.142756,Y,N,1,1,Saseme
Y,8.402707,8.713929,Y,N,1,1,Saseme
Y,8.406102,8.714351,Y,N,1,1,Saseme
Y,8.410884,8.711336,Y,N,1,1,Saseme
Y,8.461131,8.512299,Y,N,1,1,Saseme yam mango
Y,8.117584,8.141232,Y,N,1,1,Sesame
Y,11.277029,9.121854,Y,N,1,1,Sesame
Y,10.628617,10.451645,Y,N,1,1,Sesame
Y,10.691617,10.424344,Y,N,1,1,Sesame
Y,11.222611,9.124712,Y,N,1,1,Sesame
Y,11.243292,9.137716,Y,N,1,1,Sesame
Y,11.246843,9.163973,Y,N,1,1,Sesame
Y,11.273957,9.123724,Y,N,1,1,Sesame
Y,11.282171,9.135218,Y,N,1,1,Sesame
Y,8.517358,6.501921,Y,N,1,1,Seseme seed
Y,10.812081,8.592498,Y,N,1,1,Sorrel
Y,11.276743,9.124917,Y,N,1,1,Sorrel
Y,10.303256,6.007523,Y,N,1,1,SpiNch
Y,10.150042,8.604904,Y,N,1,1,Sugar cane
Y,10.15169,8.613383,Y,N,1,1,Sugar cane
Y,10.785561,8.602017,Y,N,1,1,Sugar cane
Y,11.074437,8.234098,Y,N,1,1,Sugar cane
Y,10.789768,8.599155,Y,N,1,1,Sugar cane
Y,9.474417,7.750698,Y,N,1,1,Sugarcane
Y,10.615693,10.472594,Y,N,1,1,Sugarcane
Y,10.616368,10.474257,Y,N,1,1,Sugarcane
Y,11.616867,7.111575,Y,N,1,1,Sugarcane
Y,11.610422,7.121985,Y,N,1,1,Sugarcane
Y,11.024424,7.572032,Y,N,1,1,Sugarcane and plantain
Y,9.37098,11.496173,Y,N,1,1,Tobacco
Y,9.015368,11.698074,Y,N,1,1,Tomato
Y,11.02813,7.606265,Y,N,1,1,Tomato
Y,11.532258,7.094504,Y,N,1,1,Tomato
Y,11.595446,7.142762,Y,N,1,1,Tomato
Y,11.598454,7.145951,Y,N,1,1,Tomato
Y,11.075587,7.57262,Y,N,1,1,Tomato
Y,11.166305,8.315977,Y,N,1,1,Tomatoes
Y,11.09804,8.218793,Y,N,1,1,Tomatoes
Y,11.10093,8.245504,Y,N,1,1,Tomatoes
Y,9.896192,9.016801,Y,N,1,1,Tomatoes and pepper
Y,9.603459,9.031388,Y,N,1,1,Tomatoes and vegetable
Y,9.975835,9.052336,Y,N,1,1,Tomatoes and vegetable
Y,10.649377,10.475044,Y,N,1,1,"Tomatoes, Onion"
Y,9.002065,9.864877,Y,N,1,1,Vegetables
Y,9.37303,8.565352,Y,N,1,1,Vegetables
Y,9.375584,10.044607,Y,N,1,1,Vegetables
Y,9.388395,10.041784,Y,N,1,1,Vegetables
Y,9.605639,9.020983,Y,N,1,1,Vegetables
Y,9.8602,9.000923,Y,N,1,1,Vegetables
Y,9.860646,9.003885,Y,N,1,1,Vegetables
Y,9.903536,9.010545,Y,N,1,1,"Vegetables, coffee"
Y,9.858507,8.974182,Y,N,1,1,"Vegetables, cucumber"
Y,9.386467,8.5729,Y,N,1,1,"Vegetables, pepper and Banana"
Y,8.324085,8.674247,Y,N,1,1,Yam
Y,8.324939,8.676647,Y,N,1,1,Yam
Y,8.326735,8.677914,Y,N,1,1,Yam
Y,8.343763,8.727591,Y,N,1,1,Yam
Y,8.364352,8.651088,Y,N,1,1,Yam
Y,8.366035,8.652567,Y,N,1,1,Yam
Y,8.369445,8.65497,Y,N,1,1,Yam
Y,8.384558,8.652977,Y,N,1,1,Yam
Y,8.384924,8.65288,Y,N,1,1,Yam
Y,8.38658,8.649996,Y,N,1,1,Yam
Y,8.38863,8.639664,Y,N,1,1,Yam
Y,8.413748,8.519185,Y,N,1,1,Yam
Y,8.42165,8.534001,Y,N,1,1,Yam
Y,8.422268,8.529431,Y,N,1,1,Yam
Y,8.422354,8.519334,Y,N,1,1,Yam
Y,8.423976,8.527602,Y,N,1,1,Yam
Y,8.429381,8.530399,Y,N,1,1,Yam
Y,8.445214,8.495355,Y,N,1,1,Yam
Y,8.447392,8.490775,Y,N,1,1,Yam
Y,8.448593,8.461435,Y,N,1,1,Yam
Y,8.454498,8.506479,Y,N,1,1,Yam
Y,8.464051,8.508026,Y,N,1,1,Yam
Y,8.603324,9.906922,Y,N,1,1,Yam
Y,8.831386,7.670974,Y,N,1,1,Yam
Y,8.886378,9.382492,Y,N,1,1,Yam
Y,8.914289,9.377028,Y,N,1,1,Yam
Y,8.91824,9.379468,Y,N,1,1,Yam
Y,8.925019,9.397351,Y,N,1,1,Yam
Y,8.94118,9.421693,Y,N,1,1,Yam
Y,8.94164,9.404555,Y,N,1,1,Yam
Y,8.945545,8.433219,Y,N,1,1,Yam
Y,8.947232,9.353923,Y,N,1,1,Yam
Y,8.947762,8.432149,Y,N,1,1,Yam
Y,8.948649,8.430094,Y,N,1,1,Yam
Y,8.954612,8.36736,Y,N,1,1,Yam
Y,8.959422,8.363695,Y,N,1,1,Yam
Y,8.974986,8.418705,Y,N,1,1,Yam
Y,8.978609,8.425405,Y,N,1,1,Yam
Y,8.994319,8.363638,Y,N,1,1,Yam
Y,8.996011,8.371461,Y,N,1,1,Yam
Y,8.996267,8.368573,Y,N,1,1,Yam
Y,9.000521,8.372286,Y,N,1,1,Yam
Y,9.003531,8.371583,Y,N,1,1,Yam
Y,9.022804,8.384508,Y,N,1,1,Yam
Y,9.025538,8.359654,Y,N,1,1,Yam
Y,9.025983,11.653953,Y,N,1,1,Yam
Y,9.026682,8.392673,Y,N,1,1,Yam
Y,9.029998,11.649903,Y,N,1,1,Yam
Y,9.030867,8.392235,Y,N,1,1,Yam
Y,9.416306,6.524496,Y,N,1,1,Yam
Y,9.473847,7.748849,Y,N,1,1,Yam
Y,9.502725,7.698505,Y,N,1,1,Yam
Y,9.509946,7.742811,Y,N,1,1,Yam
Y,9.64677,8.636584,Y,N,1,1,Yam
Y,9.659738,6.123327,Y,N,1,1,Yam
Y,9.920553,7.670582,Y,N,1,1,Yam
Y,9.953748,8.301026,Y,N,1,1,Yam
Y,9.972235,8.267722,Y,N,1,1,Yam
Y,10.016591,8.267431,Y,N,1,1,Yam
Y,10.018059,6.076511,Y,N,1,1,Yam
Y,10.045688,6.081609,Y,N,1,1,Yam
Y,10.047381,6.080406,Y,N,1,1,Yam
Y,10.071702,7.805832,Y,N,1,1,Yam
Y,10.151005,8.612811,Y,N,1,1,Yam
Y,10.173586,8.671299,Y,N,1,1,Yam
Y,8.519951,9.065152,Y,N,1,1,Yam
Y,8.530314,9.95216,Y,N,1,1,Yam
Y,8.531552,9.947359,Y,N,1,1,Yam
Y,8.533036,9.009531,Y,N,1,1,Yam
Y,8.533785,9.011414,Y,N,1,1,Yam
Y,8.535687,9.08252,Y,N,1,1,Yam
Y,8.53696,9.959224,Y,N,1,1,Yam
Y,8.539193,9.083834,Y,N,1,1,Yam
Y,8.539451,9.080657,Y,N,1,1,Yam
Y,8.540791,9.082065,Y,N,1,1,Yam
Y,8.540857,9.959265,Y,N,1,1,Yam
Y,8.543326,9.038008,Y,N,1,1,Yam
Y,8.544144,9.084724,Y,N,1,1,Yam
Y,8.54444,9.9545,Y,N,1,1,Yam
Y,8.545249,9.959985,Y,N,1,1,Yam
Y,8.545588,9.036743,Y,N,1,1,Yam
Y,8.546379,9.913469,Y,N,1,1,Yam
Y,8.547367,9.074187,Y,N,1,1,Yam
Y,8.548825,9.041473,Y,N,1,1,Yam
Y,8.550646,9.076916,Y,N,1,1,Yam
Y,8.550703,9.032901,Y,N,1,1,Yam
Y,8.575525,9.9703,Y,N,1,1,Yam
Y,8.582428,9.073282,Y,N,1,1,Yam
Y,8.582874,9.951203,Y,N,1,1,Yam
Y,8.585467,9.0699,Y,N,1,1,Yam
Y,8.587225,9.076415,Y,N,1,1,Yam
Y,8.587662,9.944625,Y,N,1,1,Yam
Y,8.592994,9.076543,Y,N,1,1,Yam
Y,8.5942,9.967082,Y,N,1,1,Yam
Y,8.597845,9.084158,Y,N,1,1,Yam
Y,8.601347,9.914283,Y,N,1,1,Yam
Y,9.059017,9.889374,Y,N,1,1,Yam
Y,9.332555,8.54251,Y,N,1,1,Yam
Y,9.333756,8.538522,Y,N,1,1,Yam
Y,9.364687,6.566982,Y,N,1,1,Yam
Y,9.366568,6.593833,Y,N,1,1,Yam
Y,9.367186,10.052372,Y,N,1,1,Yam
Y,9.370099,6.594914,Y,N,1,1,Yam
Y,9.37757,6.547834,Y,N,1,1,Yam
Y,9.390932,8.551655,Y,N,1,1,Yam
Y,9.393247,8.570794,Y,N,1,1,Yam
Y,9.393738,8.567253,Y,N,1,1,Yam
Y,9.397162,8.56961,Y,N,1,1,Yam
Y,9.397407,6.579015,Y,N,1,1,Yam
Y,9.403626,6.52169,Y,N,1,1,Yam
Y,9.413987,6.547393,Y,N,1,1,Yam
Y,9.420864,6.542022,Y,N,1,1,Yam
Y,9.421345,6.523231,Y,N,1,1,Yam
Y,9.4225,6.527421,Y,N,1,1,Yam
Y,9.4233,6.547728,Y,N,1,1,Yam
Y,9.423337,6.545443,Y,N,1,1,Yam
Y,9.552456,9.197057,Y,N,1,1,Yam
Y,9.600282,8.970873,Y,N,1,1,Yam
Y,9.607538,8.979706,Y,N,1,1,Yam
Y,9.608779,9.017414,Y,N,1,1,Yam
Y,9.61018,9.019141,Y,N,1,1,Yam
Y,9.612785,9.019032,Y,N,1,1,Yam
Y,9.622998,6.385227,Y,N,1,1,Yam
Y,9.644003,6.036203,Y,N,1,1,Yam
Y,9.645287,9.03956,Y,N,1,1,Yam
Y,9.645435,6.401986,Y,N,1,1,Yam
Y,9.648676,9.044592,Y,N,1,1,Yam
Y,9.666329,9.045185,Y,N,1,1,Yam
Y,9.863718,9.047217,Y,N,1,1,Yam
Y,9.997496,8.24132,Y,N,1,1,Yam
Y,9.998896,8.234075,Y,N,1,1,Yam
Y,10.002999,8.2386,Y,N,1,1,Yam
Y,10.013819,8.284742,Y,N,1,1,Yam
Y,9.329202,8.527883,Y,N,1,1,Yam and okro
Y,8.524587,9.077773,Y,N,1,1,Yam benniseed
Y,8.536033,9.025394,Y,N,1,1,Yam benniseed
Y,9.605401,9.025503,Y,N,1,1,Yam cocoyam
Y,8.408671,8.517766,Y,N,1,1,Yam mango
Y,8.408746,8.519567,Y,N,1,1,Yam mango
Y,8.421176,8.525966,Y,N,1,1,Yam mango
Y,8.430225,8.53474,Y,N,1,1,Yam mango
Y,8.431205,8.527324,Y,N,1,1,Yam mango
Y,8.448169,8.493551,Y,N,1,1,Yam mango
Y,8.45863,8.498701,Y,N,1,1,Yam mango
Y,8.760384,7.621694,Y,N,1,1,Yam melon
Y,8.823701,7.628567,Y,N,1,1,Yam melon
Y,8.422324,8.52816,Y,N,1,1,Yam orchard
Y,8.347014,8.721424,Y,N,1,1,Yam saseme
Y,8.441744,8.464811,Y,N,1,1,Yam saseme
Y,8.444565,8.466247,Y,N,1,1,Yam saseme
Y,9.616451,8.635273,Y,N,1,1,"Yam, acha"
Y,10.055499,7.813766,Y,N,1,1,"Yam, ginger"
Y,9.530431,7.735542,Y,N,1,1,"Yam, ginger"
Y,10.052339,7.805313,Y,N,1,1,"Yam, ginger"
Y,9.36717,6.507912,Y,N,1,1,"Yam, Melon  (egusi )"
Y,9.397108,8.58916,Y,N,1,1,"Yam, pepper and vegetable"
Y,9.327642,8.582632,Y,N,1,1,"Yam, vegetables"
Y,9.668457,9.047637,Y,N,1,1,"Yam, vegetables and tomato"
Y,10.056792,7.807848,Y,N,1,1,"Yam,Ginger"
Y,9.511527,7.764435,Y,N,1,1,"Yam,ginger"
Y,9.651059,8.630458,Y,Y,1,1,Acha
Y,9.865055,8.975781,Y,Y,1,1,"Cassava, okro"
Y,9.603515,8.663154,Y,Y,1,1,Cocoyam
Y,9.526625,9.186211,Y,Y,1,1,Garden egg
Y,9.094331,11.385519,Y,Y,1,1,Jute
Y,9.883749,4.519003,Y,Y,1,1,Okra
Y,9.570834,9.214643,Y,Y,1,1,Okro
Y,9.602046,9.018111,Y,Y,1,1,Okro
Y,9.568886,9.215391,Y,Y,1,1,"Okro, vegetables"
Y,9.535244,9.191203,Y,Y,1,1,Pepper
Y,9.341173,10.047882,Y,Y,1,1,Pepper
Y,8.913265,10.999365,Y,Y,1,1,Sorrel
Y,11.035908,7.55642,Y,Y,1,1,Tomato
Y,11.074827,7.580359,Y,Y,1,1,Tomato
Y,9.9729,9.050056,Y,Y,1,1,Tomatoes and vegetable
Y,9.972345,9.047503,Y,Y,1,1,Vegetables and tomato
Y,9.862033,8.977371,Y,Y,1,1,"Vegetables, tomatoes"
Y,8.545102,9.917356,Y,Y,1,1,Yam
Y,8.888699,9.384374,Y,Y,1,1,Yam
Y,8.889452,9.380996,Y,Y,1,1,Yam
Y,8.916552,9.379345,Y,Y,1,1,Yam
Y,8.951808,9.406945,Y,Y,1,1,Yam
Y,8.958885,8.371135,Y,Y,1,1,Yam
Y,9.618219,8.65114,Y,Y,1,1,Yam
Y,9.621198,8.646292,Y,Y,1,1,Yam
Y,9.629469,8.643756,Y,Y,1,1,Yam
Y,9.649192,8.628414,Y,Y,1,1,Yam
Y,9.649345,8.62738,Y,Y,1,1,Yam
Y,9.650393,8.637799,Y,Y,1,1,Yam
Y,9.652689,8.63394,Y,Y,1,1,Yam
Y,10.140011,8.637352,Y,Y,1,1,Yam
Y,10.181374,8.607558,Y,Y,1,1,Yam
Y,8.550116,9.956732,Y,Y,1,1,Yam
Y,8.551294,9.953316,Y,Y,1,1,Yam
Y,8.573147,9.95366,Y,Y,1,1,Yam
Y,8.588518,9.073922,Y,Y,1,1,Yam
Y,9.363099,6.59114,Y,Y,1,1,Yam
Y,9.366509,6.586625,Y,Y,1,1,Yam
Y,9.377274,6.541243,Y,Y,1,1,Yam
Y,9.60453,8.66198,Y,Y,1,1,Yam
Y,9.641917,6.394945,Y,Y,1,1,Yam
Y,9.647554,9.031279,Y,Y,1,1,Yam
Y,9.687434,6.099546,Y,Y,1,1,Yam
Y,8.820594,7.621669,Y,Y,1,1,Yam melon